{"cameraMode":{"drawMode":0,"name":"Shaded","section":"Shading Mode"},"sceneLighting":true,"audioPlay":false,"sceneViewState":{"showFog":true,"showMaterialUpdate":false,"showSkybox":true,"showFlares":true,"showImageEffects":true,"showParticleSystems":true},"in2DMode":false,"pivot":{"x":0.6342487335205078,"y":0.9209811687469482,"z":-0.8214106559753418},"rotation":{"x":-0.023089703172445298,"y":0.898016095161438,"z":-0.047467272728681567,"w":-0.43678465485572817},"size":8.145145416259766,"orthographic":false}